DNI,1,1,19-Jul-2018,06-Jan-2020
DNI,2,2,02-May-2019,22-Apr-2020
DNI,3,3,11-Apr-2019,10-Feb-2020
DNI,4,4,13-Mar-2019,22-Sep-2020
DNI,5,5,04-Dec-2018,02-Jan-2021
DNI,6,6,21-Jun-2018,05-Jan-2020
DNI,7,7,06-Jul-2018,19-Nov-2020
DNI,8,8,23-Jun-2018,24-Jun-2020
DNI,9,9,01-Jul-2018,08-Jul-2019
DNI,10,10,28-Nov-2018,04-Sep-2019
DNI,11,11,08-Sep-2018,15-May-2021
DNI,12,12,13-Jan-2019,21-Apr-2020
DNI,13,13,20-Dec-2018,27-Dec-2019
DNI,14,14,24-Mar-2019,16-Apr-2020
DNI,15,15,24-Feb-2019,25-Jan-2021
DNI,16,16,09-Apr-2019,01-Feb-2021
DNI,17,17,10-Feb-2019,11-May-2020
DNI,18,1,02-May-2019,03-Jun-2019
DNI,19,2,13-Apr-2019,12-Jan-2020
DNI,20,3,22-Oct-2018,21-Apr-2020
DNI,21,4,10-Jul-2018,24-Sep-2020
DNI,22,5,14-Mar-2019,05-Feb-2020
DNI,23,6,27-Jun-2018,09-Jun-2020
DNI,24,7,05-Dec-2018,18-Apr-2020
DNI,25,8,30-Nov-2018,07-Aug-2019
DNI,26,9,20-Oct-2018,29-Jun-2019
DNI,27,10,23-Apr-2019,13-Aug-2020
DNI,28,11,10-Jul-2018,10-Oct-2019
DNI,29,12,16-Jan-2019,22-Oct-2019
DNI,30,13,01-Aug-2018,04-Mar-2020
DNI,31,14,12-Sep-2018,21-Dec-2020
DNI,32,15,09-May-2019,14-Aug-2019
DNI,33,16,20-Dec-2018,11-Jan-2021
DNI,34,17,13-Jun-2018,31-Dec-2019
DNI,35,1,07-Jul-2018,02-Jan-2021
DNI,36,2,13-Jul-2018,29-Aug-2019
DNI,37,3,15-Sep-2018,08-Jul-2019
DNI,38,4,21-Aug-2018,08-Jun-2019
DNI,39,5,03-May-2019,29-Dec-2019
DNI,40,6,12-Jul-2018,28-May-2020
DNI,41,7,01-Apr-2019,25-Apr-2020
DNI,42,8,29-Apr-2019,13-Dec-2019
DNI,43,9,12-Oct-2018,29-Sep-2019
DNI,44,10,31-Jan-2019,04-Jul-2019
DNI,45,11,10-Sep-2018,11-Mar-2021
DNI,46,12,12-Feb-2019,24-Jan-2020
DNI,47,13,20-Apr-2019,02-Jan-2021
DNI,48,14,30-May-2018,07-May-2021
DNI,49,15,26-Mar-2019,22-Feb-2021
DNI,50,16,06-Jun-2018,21-Nov-2019
DNI,51,17,10-Dec-2018,21-May-2021
DNI,52,1,04-Jul-2018,20-Nov-2020
DNI,53,2,21-Jun-2018,14-Nov-2019
DNI,54,3,06-Jul-2018,10-May-2021
DNI,55,4,08-Dec-2018,29-May-2019
DNI,56,5,29-Jan-2019,04-Sep-2019
DNI,57,6,28-Jan-2019,25-Jan-2020
DNI,58,7,17-Mar-2019,26-Jun-2020
DNI,59,8,07-Feb-2019,10-Jun-2020
DNI,60,9,09-Oct-2018,13-Apr-2021
DNI,61,10,02-Nov-2018,04-Sep-2020
DNI,62,11,30-Nov-2018,21-Mar-2020
DNI,63,12,27-Jan-2019,07-Jul-2019
DNI,64,13,27-May-2018,10-Nov-2019
DNI,65,14,26-Dec-2018,18-Apr-2020
DNI,66,15,12-Apr-2019,24-Apr-2021
DNI,67,16,17-Jul-2018,14-Feb-2020
DNI,68,17,22-Feb-2019,22-Nov-2020
DNI,69,1,07-Nov-2018,23-Mar-2020
DNI,70,2,27-Oct-2018,31-Dec-2019
DNI,71,3,09-Sep-2018,25-Nov-2020
DNI,72,4,18-Aug-2018,12-Mar-2020
DNI,73,5,09-Jun-2018,02-May-2021
DNI,74,6,20-Sep-2018,04-Feb-2020
DNI,75,7,21-Dec-2018,15-Feb-2020
DNI,76,8,18-Apr-2019,29-Oct-2019
DNI,77,9,23-Nov-2018,27-Feb-2020
DNI,78,10,29-Sep-2018,31-Aug-2020
DNI,79,11,17-Apr-2019,04-Nov-2020
DNI,80,12,12-Feb-2019,15-Jan-2021
DNI,81,13,17-Jun-2018,24-Nov-2020
DNI,82,14,27-Jul-2018,15-Sep-2019
DNI,83,15,21-Mar-2019,24-Dec-2019
DNI,84,16,30-Aug-2018,05-Apr-2020
DNI,85,17,17-Jul-2018,10-Jan-2020
DNI,86,1,15-Jun-2018,14-Nov-2019
DNI,87,2,23-Mar-2019,26-Nov-2020
DNI,88,3,10-Oct-2018,23-Dec-2020
DNI,89,4,21-May-2019,09-Nov-2019
DNI,90,5,12-Apr-2019,08-Apr-2020
DNI,91,6,22-Aug-2018,11-Feb-2020
DNI,92,7,30-Nov-2018,12-Jun-2020
DNI,93,8,14-Aug-2018,03-Nov-2019
DNI,94,9,02-Mar-2019,20-Sep-2019
DNI,95,10,17-Feb-2019,16-Mar-2021
DNI,96,11,21-Jan-2019,06-Mar-2020
DNI,97,12,10-Jan-2019,12-Mar-2020
DNI,98,13,13-Nov-2018,16-Jun-2020
DNI,99,14,18-Jun-2018,05-Jul-2020
DNI,100,15,13-Jul-2018,22-Dec-2020
DNI,1,16,14-May-2019,03-May-2021
DNI,2,17,07-Oct-2018,29-Nov-2019
DNI,3,1,29-Dec-2018,06-Feb-2020
DNI,4,2,26-Jan-2019,02-Jun-2020
DNI,5,3,17-Nov-2018,26-Oct-2020
DNI,6,4,17-Jul-2018,19-Jan-2020
DNI,7,5,28-Dec-2018,16-Dec-2020
DNI,8,6,22-Dec-2018,16-Jul-2020
DNI,9,7,26-Apr-2019,20-Jul-2019
DNI,10,8,06-Jul-2018,23-Nov-2019
DNI,11,9,07-Sep-2018,14-Dec-2020
DNI,12,10,24-Jan-2019,07-Dec-2019
DNI,13,11,17-Oct-2018,22-Nov-2020
DNI,14,12,01-Feb-2019,21-Dec-2019
DNI,15,13,09-Jan-2019,07-Nov-2019
DNI,16,14,19-Apr-2019,04-Sep-2019
DNI,17,15,20-Feb-2019,14-May-2021
DNI,18,16,07-Aug-2018,26-Feb-2021
DNI,19,17,05-Jul-2018,01-May-2020
DNI,20,1,06-Dec-2018,07-Sep-2020
DNI,21,2,20-Dec-2018,23-Oct-2019
DNI,22,3,24-Mar-2019,21-Mar-2020
DNI,23,4,13-Jan-2019,28-May-2020
DNI,24,5,16-Sep-2018,10-Dec-2020
DNI,25,6,10-Jul-2018,08-Jun-2019
DNI,26,7,20-Feb-2019,09-Jun-2020
DNI,27,8,30-Jan-2019,21-Dec-2020
DNI,28,9,14-Feb-2019,04-May-2021
DNI,29,10,14-Nov-2018,02-Jul-2019
DNI,30,11,10-Jul-2018,23-Mar-2021
DNI,31,12,01-Mar-2019,26-Jun-2019
DNI,32,13,14-Oct-2018,26-Jun-2020
DNI,33,14,29-Apr-2019,15-Dec-2020
DNI,34,15,20-Apr-2019,26-Apr-2020
DNI,35,16,07-Jun-2018,01-Dec-2020
DNI,36,17,12-Jan-2019,05-Jul-2020
DNI,37,1,23-Dec-2018,25-Jul-2020
DNI,38,2,08-Jan-2019,10-Aug-2019
DNI,39,3,20-Jan-2019,25-Feb-2020
DNI,40,4,19-Mar-2019,07-Nov-2019
DNI,41,5,22-Aug-2018,18-May-2021
DNI,42,6,26-May-2018,07-Apr-2020
DNI,43,7,06-Nov-2018,10-May-2021
DNI,44,8,12-Oct-2018,16-Feb-2020
DNI,45,9,04-Nov-2018,08-Jan-2020
DNI,46,10,01-Jun-2018,08-Jul-2020
DNI,47,11,12-Mar-2019,16-Sep-2019
DNI,48,12,24-Jun-2018,12-Mar-2020
DNI,49,13,01-Jun-2018,28-Dec-2019
DNI,50,14,13-Mar-2019,29-Dec-2019
DNI,51,15,17-Nov-2018,07-Jun-2019
DNI,52,16,16-Apr-2019,14-Dec-2019
DNI,53,17,22-Jan-2019,02-Sep-2020
DNI,54,1,27-Sep-2018,28-Nov-2019
DNI,55,2,29-May-2018,18-May-2021
DNI,56,3,03-Jul-2018,29-Jan-2021
DNI,57,4,08-May-2019,21-May-2021
DNI,58,5,29-Apr-2019,03-Sep-2020
DNI,59,6,01-Nov-2018,14-Feb-2020
DNI,60,7,12-Sep-2018,12-Aug-2020
DNI,61,8,02-Apr-2019,16-Apr-2020
DNI,62,9,03-Jun-2018,26-Jan-2021
DNI,63,10,28-Nov-2018,24-Sep-2020
DNI,64,11,30-Oct-2018,16-Nov-2020
DNI,65,12,27-Jul-2018,04-Apr-2020
DNI,66,13,18-Aug-2018,23-Jun-2020
DNI,67,14,28-Mar-2019,07-Dec-2019
DNI,68,15,16-Mar-2019,22-Aug-2020
DNI,69,16,28-Nov-2018,07-Feb-2021
DNI,70,17,01-Nov-2018,06-Jul-2019
DNI,71,1,01-Apr-2019,25-Jun-2020
DNI,72,2,05-Oct-2018,27-Feb-2021
DNI,73,3,10-Feb-2019,04-Apr-2020
DNI,74,4,27-Jun-2018,22-Feb-2020
DNI,75,5,25-Jun-2018,06-Jan-2021
DNI,76,6,25-Oct-2018,25-Sep-2020
DNI,77,7,06-Mar-2019,18-Mar-2021
DNI,78,8,16-Feb-2019,18-Aug-2019
DNI,79,9,15-Sep-2018,09-Apr-2020
DNI,80,10,02-Jul-2018,10-Apr-2020
DNI,81,11,19-Apr-2019,12-Apr-2021
DNI,82,12,10-Jul-2018,01-Sep-2019
DNI,83,13,16-Mar-2019,11-Oct-2019
DNI,84,14,19-Mar-2019,25-Mar-2021
DNI,85,15,02-May-2019,20-Sep-2019
DNI,86,16,27-Nov-2018,20-Dec-2019
DNI,87,17,20-Aug-2018,20-Apr-2020
DNI,88,1,02-Jan-2019,28-Apr-2020
DNI,89,2,13-Nov-2018,25-Apr-2020
DNI,90,3,24-May-2018,16-Sep-2020
DNI,91,4,06-Apr-2019,23-Jun-2020
DNI,92,5,21-Dec-2018,08-Aug-2019
DNI,93,6,11-Jan-2019,21-May-2020
DNI,94,7,13-May-2019,15-May-2021
DNI,95,8,14-Jan-2019,19-Sep-2019
DNI,96,9,30-Dec-2018,22-Jun-2020
DNI,97,10,05-May-2019,18-Oct-2020
DNI,98,11,02-Jul-2018,20-May-2021
DNI,99,12,30-May-2018,16-Apr-2021
DNI,100,13,31-Jan-2019,14-Sep-2020
DNI,1,14,04-Oct-2018,28-Jan-2020
DNI,2,15,31-Oct-2018,07-Sep-2019
DNI,3,16,21-Aug-2018,12-Sep-2020
DNI,4,17,21-Aug-2018,02-Oct-2019
DNI,5,1,05-Oct-2018,03-Jul-2019
DNI,6,2,23-Sep-2018,27-Jul-2019
DNI,7,3,08-Feb-2019,18-May-2020
DNI,8,4,14-Oct-2018,24-Nov-2019
DNI,9,5,10-Dec-2018,16-Mar-2021
DNI,10,6,01-Nov-2018,28-Apr-2021
DNI,11,7,31-Oct-2018,12-Oct-2019
DNI,12,8,20-Jun-2018,02-Mar-2020
DNI,13,9,04-Mar-2019,29-Sep-2019
DNI,14,10,17-Oct-2018,01-Jun-2020
DNI,15,11,29-Nov-2018,19-Jan-2020
DNI,16,12,07-Jun-2018,24-Mar-2020
DNI,17,13,10-Aug-2018,20-Aug-2020
DNI,18,14,03-Aug-2018,12-Mar-2020
DNI,19,15,30-Nov-2018,14-Dec-2020
DNI,20,16,09-Apr-2019,25-Feb-2021
DNI,21,17,27-Aug-2018,08-Aug-2020
DNI,22,1,15-Jan-2019,30-Jan-2021
DNI,23,2,02-Apr-2019,25-Sep-2020
DNI,24,3,18-Aug-2018,03-Jul-2019
DNI,25,4,15-Apr-2019,12-Oct-2019
DNI,26,5,03-Jul-2018,09-Feb-2020
DNI,27,6,08-Aug-2018,27-Feb-2021
DNI,28,7,23-May-2018,23-Mar-2020
DNI,29,8,07-Jul-2018,17-Jan-2020
DNI,30,9,09-Mar-2019,31-Mar-2021
DNI,31,10,21-Nov-2018,16-Oct-2020
DNI,32,11,19-May-2019,15-Oct-2020
DNI,33,12,16-May-2019,08-Dec-2019
DNI,34,13,15-Feb-2019,29-Mar-2021
DNI,35,14,24-Apr-2019,12-Apr-2021
DNI,36,15,12-Sep-2018,01-Oct-2019
DNI,37,16,26-Jun-2018,14-Aug-2020
DNI,38,17,04-Nov-2018,12-Oct-2020
DNI,39,1,09-Mar-2019,17-Apr-2020
DNI,40,2,30-Dec-2018,07-Apr-2021
DNI,41,3,27-May-2018,28-Dec-2019
DNI,42,4,21-Jul-2018,26-Jun-2020
DNI,43,5,08-Jul-2018,26-Jul-2019
DNI,44,6,14-Jan-2019,05-Nov-2020
DNI,45,7,01-May-2019,12-Dec-2019
DNI,46,8,18-Oct-2018,02-Jan-2021
DNI,47,9,19-Oct-2018,30-Dec-2020
DNI,48,10,20-Jul-2018,15-Apr-2021
DNI,49,11,24-May-2018,28-Mar-2020
DNI,50,12,09-Jun-2018,06-Sep-2020
DNI,51,13,03-Jun-2018,15-Jul-2020
DNI,52,14,11-Jan-2019,21-Apr-2020
DNI,53,15,22-Jan-2019,20-Jul-2020
DNI,54,16,12-Jan-2019,16-Sep-2019
DNI,55,17,30-Sep-2018,20-Nov-2019
DNI,56,1,11-Jun-2018,25-Sep-2019
DNI,57,2,18-Oct-2018,13-Oct-2019
DNI,58,3,14-Feb-2019,16-Aug-2020
DNI,59,4,06-Mar-2019,09-May-2020
DNI,60,5,24-Oct-2018,07-Jan-2020
DNI,61,6,03-Feb-2019,04-Mar-2021
DNI,62,7,09-Dec-2018,27-Jan-2021
DNI,63,8,02-Oct-2018,13-Aug-2019
DNI,64,9,21-Sep-2018,28-Jun-2020
DNI,65,10,12-Aug-2018,07-Apr-2021
DNI,66,11,11-Sep-2018,16-May-2021
DNI,67,12,12-Jul-2018,05-Sep-2019
DNI,68,13,22-Sep-2018,12-Mar-2020
DNI,69,14,17-Dec-2018,05-Jan-2020
DNI,70,15,20-Dec-2018,11-Nov-2019
DNI,71,16,11-May-2019,19-Jun-2020
DNI,72,17,28-Nov-2018,25-Mar-2020
DNI,73,1,18-Aug-2018,04-Oct-2019
DNI,74,2,10-Apr-2019,21-Jan-2021
DNI,75,3,02-Jun-2018,24-Sep-2019
DNI,76,4,09-Oct-2018,14-Aug-2020
DNI,77,5,11-Oct-2018,16-Mar-2021
DNI,78,6,20-Aug-2018,21-Jul-2020
DNI,79,7,08-Feb-2019,10-Nov-2019
DNI,80,8,01-May-2019,09-Jan-2021
DNI,81,9,25-Jan-2019,09-Dec-2019
DNI,82,10,01-Aug-2018,28-Nov-2019
DNI,83,11,11-Mar-2019,14-Mar-2021
DNI,84,12,23-Jul-2018,06-Dec-2019
DNI,85,13,29-Jan-2019,22-Mar-2021
DNI,86,14,25-May-2018,11-Jan-2021
DNI,87,15,21-Apr-2019,28-Jun-2020
DNI,88,16,18-Feb-2019,26-Jul-2019
DNI,89,17,10-Aug-2018,30-Oct-2019
DNI,90,1,19-Dec-2018,24-Nov-2020
DNI,91,2,21-Nov-2018,06-Jul-2019
DNI,92,3,19-Mar-2019,16-Dec-2020
DNI,93,4,19-Feb-2019,01-Jan-2020
DNI,94,5,12-Mar-2019,26-Jan-2021
DNI,95,6,28-Jan-2019,24-Oct-2019
DNI,96,7,14-Oct-2018,26-Jul-2019
DNI,97,8,02-Apr-2019,07-Mar-2021
DNI,98,9,11-May-2019,03-Apr-2020
DNI,99,10,07-Aug-2018,26-May-2020
DNI,100,11,19-Jan-2019,03-May-2021
DNI,1,12,27-Apr-2019,18-Jul-2019
DNI,2,13,03-Feb-2019,16-Apr-2020
DNI,3,14,20-Mar-2019,10-Jan-2020
DNI,4,15,02-Jun-2018,26-Jun-2020
DNI,5,16,30-Jul-2018,20-Jun-2019
DNI,6,17,05-May-2019,04-Oct-2019
DNI,7,1,30-Sep-2018,12-Aug-2020
DNI,8,2,29-Oct-2018,09-Sep-2020
DNI,9,3,01-Apr-2019,16-Apr-2021
DNI,10,4,26-Sep-2018,25-Oct-2020
DNI,11,5,31-Oct-2018,11-Mar-2020
DNI,12,6,15-Mar-2019,25-Jul-2020
DNI,13,7,25-Sep-2018,04-Aug-2020
DNI,14,8,29-Aug-2018,19-May-2021
DNI,15,9,16-Feb-2019,08-Sep-2020
DNI,16,10,24-May-2018,07-Jun-2020
DNI,17,11,14-Feb-2019,11-Mar-2020
DNI,18,12,21-Sep-2018,17-May-2021
DNI,19,13,18-Jan-2019,08-Aug-2020
DNI,20,14,03-Feb-2019,29-Mar-2020
DNI,21,15,25-Aug-2018,07-May-2020
DNI,22,16,30-Sep-2018,29-Oct-2020
DNI,23,17,17-Nov-2018,12-Jan-2020
DNI,24,1,06-Oct-2018,12-Mar-2020
DNI,25,2,04-Nov-2018,19-Oct-2020
DNI,26,3,03-Jun-2018,08-Nov-2020
DNI,27,4,21-Mar-2019,03-Aug-2020
DNI,28,5,04-Mar-2019,19-Mar-2020
DNI,29,6,09-Mar-2019,21-Oct-2019
DNI,30,7,30-Jun-2018,30-Jun-2020
DNI,31,8,29-May-2018,22-Sep-2019
DNI,32,9,13-Jan-2019,15-May-2020
DNI,33,10,05-Jan-2019,03-Jul-2019
DNI,34,11,16-Oct-2018,28-Apr-2020
DNI,35,12,30-Dec-2018,28-May-2019
DNI,36,13,16-Feb-2019,22-Nov-2019
DNI,37,14,13-Dec-2018,07-Dec-2020
DNI,38,15,25-Jun-2018,29-Aug-2020
DNI,39,16,17-Jul-2018,25-Jun-2020
DNI,40,17,20-Dec-2018,27-Dec-2020
DNI,41,1,19-Sep-2018,25-Oct-2019
DNI,42,2,04-Dec-2018,07-Oct-2019
DNI,43,3,29-Oct-2018,04-Nov-2019
DNI,44,4,28-Apr-2019,15-Aug-2020
DNI,45,5,19-Mar-2019,18-Jan-2020
DNI,46,6,13-Apr-2019,18-Jan-2021
DNI,47,7,03-Jul-2018,30-Nov-2020
DNI,48,8,19-Sep-2018,25-Sep-2020
DNI,49,9,09-Oct-2018,08-Feb-2021
DNI,50,10,07-Jan-2019,17-May-2021
DNI,51,11,12-Dec-2018,23-Jan-2021
DNI,52,12,21-Oct-2018,12-Jun-2019
DNI,53,13,30-Jun-2018,01-May-2021
DNI,54,14,08-Oct-2018,08-Jan-2021
DNI,55,15,15-Nov-2018,17-Dec-2020
DNI,56,16,14-May-2019,19-Jan-2020
DNI,57,17,24-Oct-2018,24-Mar-2021
DNI,58,1,15-Mar-2019,12-Apr-2021
DNI,59,2,23-Dec-2018,14-Apr-2021
DNI,60,3,12-Apr-2019,28-Sep-2019
DNI,61,4,21-Dec-2018,09-Jun-2020
DNI,62,5,14-Nov-2018,28-Jun-2019
DNI,63,6,10-Jul-2018,16-Feb-2021
DNI,64,7,14-Nov-2018,07-Apr-2020
DNI,65,8,24-Jan-2019,26-Feb-2020
DNI,66,9,06-Mar-2019,15-Mar-2021
DNI,67,10,20-Feb-2019,10-Dec-2020
DNI,68,11,18-Dec-2018,31-Aug-2020
DNI,69,12,06-Nov-2018,10-Jul-2019
DNI,70,13,24-Oct-2018,21-Feb-2021
DNI,71,14,22-Aug-2018,11-Oct-2019
DNI,72,15,07-Sep-2018,15-Jul-2019
DNI,73,16,19-Jul-2018,29-Jan-2021
DNI,74,17,15-Dec-2018,12-Mar-2021
DNI,75,1,08-Mar-2019,14-Apr-2021
DNI,76,2,01-Dec-2018,10-Sep-2020
DNI,77,3,17-Mar-2019,28-Sep-2019
DNI,78,4,20-Jun-2018,12-May-2020
DNI,79,5,13-May-2019,17-Jan-2020
DNI,80,6,22-Jan-2019,01-Oct-2020
DNI,81,7,26-Mar-2019,12-Nov-2020
DNI,82,8,08-Mar-2019,20-May-2020
DNI,83,9,27-Sep-2018,31-Jul-2020
DNI,84,10,04-Feb-2019,24-May-2020
DNI,85,11,29-Dec-2018,27-Mar-2021
DNI,86,12,24-Dec-2018,05-Nov-2020
DNI,87,13,30-Jan-2019,26-Oct-2020
DNI,88,14,16-Mar-2019,06-Sep-2020
DNI,89,15,24-Jul-2018,01-Jul-2019
DNI,90,16,25-Jan-2019,05-Jan-2021
DNI,91,17,13-Sep-2018,31-Aug-2019
DNI,92,1,17-Jun-2018,22-Nov-2020
DNI,93,2,02-Jan-2019,04-Jul-2020
DNI,94,3,13-Feb-2019,08-Sep-2020
DNI,95,4,22-Nov-2018,04-Oct-2019
DNI,96,5,09-Jul-2018,02-Jan-2021
DNI,97,6,24-Nov-2018,19-Feb-2020
DNI,98,7,18-Sep-2018,12-Aug-2019
DNI,99,8,28-Mar-2019,18-Nov-2020
DNI,100,9,03-Mar-2019,01-Feb-2020
DNI,1,10,25-Oct-2018,07-Sep-2020
DNI,2,11,02-Aug-2018,05-May-2020
DNI,3,12,03-Sep-2018,05-Apr-2021
DNI,4,13,03-Dec-2018,23-Apr-2020
DNI,5,14,13-May-2019,05-Oct-2019
DNI,6,15,07-Jan-2019,28-Mar-2021
DNI,7,16,04-Dec-2018,27-Sep-2019
DNI,8,17,14-Jul-2018,15-May-2020
DNI,9,1,16-Feb-2019,12-Dec-2020
DNI,10,2,02-Mar-2019,16-Sep-2020
DNI,11,3,26-Jul-2018,14-Jul-2020
DNI,12,4,01-Nov-2018,08-Apr-2020
DNI,13,5,26-Sep-2018,05-Jun-2020
DNI,14,6,15-Jun-2018,15-Mar-2021
DNI,15,7,03-Dec-2018,02-Jan-2021
DNI,16,8,05-Sep-2018,12-Oct-2019
DNI,17,9,25-Aug-2018,06-Jul-2020
DNI,18,10,25-Jun-2018,08-Nov-2020
DNI,19,11,18-Apr-2019,05-Sep-2019
DNI,20,12,25-Feb-2019,29-Aug-2019
DNI,21,13,30-Aug-2018,17-Dec-2020
DNI,22,14,04-Feb-2019,29-Feb-2020
DNI,23,15,16-Jul-2018,26-Jan-2020
DNI,24,16,22-Oct-2018,09-Jan-2021
DNI,25,17,19-Aug-2018,09-Oct-2019
DNI,26,1,07-Aug-2018,06-Jan-2020
DNI,27,2,09-Dec-2018,12-Sep-2019
DNI,28,3,01-Dec-2018,11-Feb-2021
DNI,29,4,16-Oct-2018,15-Apr-2021
DNI,30,5,17-Oct-2018,02-Jun-2019
DNI,31,6,21-Jul-2018,16-Oct-2020
DNI,32,7,01-Oct-2018,24-Jun-2020
DNI,33,8,24-Jan-2019,19-Aug-2020
DNI,34,9,06-Nov-2018,10-Mar-2020
DNI,35,10,23-Jun-2018,27-Jan-2020
DNI,36,11,25-Jun-2018,25-Jul-2019
DNI,37,12,27-Jun-2018,27-Feb-2021
DNI,38,13,24-Jun-2018,19-Nov-2019
DNI,39,14,10-Nov-2018,31-Dec-2019
DNI,40,15,23-Sep-2018,22-Jun-2020
DNI,41,16,06-Mar-2019,17-Sep-2020
DNI,42,17,18-Oct-2018,24-May-2020
DNI,43,1,30-Jan-2019,19-Jun-2020
DNI,44,2,06-Aug-2018,25-Aug-2020
DNI,45,3,23-Nov-2018,13-Feb-2020
DNI,46,4,05-May-2019,04-Dec-2019
DNI,47,5,21-Jun-2018,06-Oct-2019
DNI,48,6,22-Feb-2019,28-Jan-2021
DNI,49,7,26-Nov-2018,09-Jul-2020
DNI,50,8,16-Jul-2018,14-Mar-2020
DNI,51,9,16-Apr-2019,08-Jun-2020
DNI,52,10,07-Feb-2019,26-Nov-2019
DNI,53,11,13-Jun-2018,16-Dec-2019
DNI,54,12,13-Nov-2018,22-Apr-2021
DNI,55,13,10-Mar-2019,02-Apr-2021
DNI,56,14,24-Jan-2019,28-Jul-2020
DNI,57,15,10-Jul-2018,27-Jul-2020
DNI,58,16,15-Oct-2018,29-Nov-2020
DNI,59,17,08-Dec-2018,23-Jan-2021
DNI,60,1,04-Apr-2019,16-Apr-2021
DNI,61,2,28-Apr-2019,10-Nov-2020
DNI,62,3,20-Jan-2019,26-Apr-2021
DNI,63,4,03-Sep-2018,22-Nov-2019
DNI,64,5,22-May-2019,29-Jun-2019
DNI,65,6,09-May-2019,04-Nov-2019
DNI,66,7,01-Oct-2018,28-Dec-2020
DNI,67,8,15-Jul-2018,27-Oct-2020
DNI,68,9,09-Dec-2018,14-Oct-2020
DNI,69,10,28-Oct-2018,11-Dec-2020
DNI,70,11,21-May-2019,21-Apr-2020
DNI,71,12,06-Jul-2018,03-Jul-2020
DNI,72,13,25-Sep-2018,06-Sep-2020
DNI,73,14,13-Feb-2019,05-Dec-2019
DNI,74,15,01-Jul-2018,19-Jul-2020
DNI,75,16,11-Mar-2019,08-Sep-2019
DNI,76,17,15-Aug-2018,26-Apr-2021
DNI,77,1,13-Nov-2018,03-Oct-2020
DNI,78,2,24-Jan-2019,09-Nov-2019
DNI,79,3,30-Aug-2018,07-Nov-2019
DNI,80,4,03-Apr-2019,24-Sep-2020
DNI,81,5,20-Aug-2018,12-Apr-2021
DNI,82,6,24-May-2018,22-May-2020
DNI,83,7,03-Jan-2019,23-Jul-2019
DNI,84,8,07-Feb-2019,03-Nov-2019
DNI,85,9,15-Jun-2018,19-Sep-2019
DNI,86,10,26-Dec-2018,24-Dec-2019
DNI,87,11,27-Oct-2018,02-Jul-2019
DNI,88,12,19-Jul-2018,23-May-2019
DNI,89,13,12-Mar-2019,28-Nov-2020
DNI,90,14,13-Dec-2018,09-Apr-2020
DNI,91,15,22-Sep-2018,17-Oct-2020
DNI,92,16,18-Dec-2018,28-Dec-2020
DNI,93,17,20-Dec-2018,15-Jun-2020
DNI,94,1,27-Nov-2018,16-Nov-2020
DNI,95,2,22-Mar-2019,26-Jun-2020
DNI,96,3,31-Mar-2019,05-Sep-2020
DNI,97,4,25-Sep-2018,05-Mar-2021
DNI,98,5,23-Apr-2019,04-Nov-2020
DNI,99,6,19-Jun-2018,25-Dec-2020
DNI,100,7,18-Jan-2019,18-Apr-2020
